番号,スキルカード名,カードタイプ,プラン,パラメータ,強化後パラメータ,元気,強化後元気,やる気,強化後やる気,好印象,強化後好印象,集中,強化後集中,好調,強化後好調,絶好調,強化後絶好調,消費体力減少(ターン),強化後消費体力減少(ターン),体力回復,強化後体力回復,消費対象,消費,強化後消費,他効果,レアリティ,PLv,固有カード
47,決めポーズ,アクティブ,センス,18,27,-,-,-,-,-,-,-,-,-,-,-,-,-,-,-,-,元気/体力,-3,-3,レッスン中1回/試験中1回,金札,-,-
48,アドリブ,アクティブ,センス,5,9,-,-,-,-,-,-,-,-,3,4,-,-,-,-,-,-,元気/体力,-4,-4,-,金札,-,-
49,情熱ターン,アクティブ,センス,11,18,-,-,-,-,-,-,3,4,-,-,-,-,-,-,-,-,元気/体力,-6,-6,-,金札,-,-
50,飛躍,アクティブ,センス,パラメータ+13 集中が6以上の場合、パラメータ+15,パラメータ+13 集中が6以上の場合、パラメータ+15,-,-,-,-,-,-,-,-,-,-,-,-,-,-,-,-,元気/体力,-5,-2,レッスン中1回/試験中1回,金札,6,-
51,祝福,アクティブ,センス,26,40,-,-,-,-,-,-,-,-,1,1,-,-,-,-,-,-,体力,-4,-4,レッスン中1回/試験中1回,金札,7,-
52,スタートダッシュ,アクティブ,センス,30,40,10,10,-,-,-,-,-,-,-,-,-,-,-,-,-,-,元気/体力,-5,-5,消費体力増加2ターン/重複不可,金札,22,-
53,スタンドプレー,アクティブ,センス,12,12,7,7,-,-,-,-,5,7,-,-,-,-,-,-,-,-,元気/体力,-5,-5,消費体力増加2ターン/重複不可,金札,24,-
54,シュプレヒコール,アクティブ,センス,6,6,-,-,-,-,-,-,-,-,2,3,-,-,-,-,-,-,集中,-3,-2,スキルカード使用数追加+1/重複不可,金札,33,-
62,眼力,メンタル,センス,-,-,6,8,-,-,-,-,3,4,-,-,-,-,-,-,-,-,元気/体力,-3,-3,レッスン中1回/試験中1回,金札,-,-
63,大声援,メンタル,センス,-,-,6,8,-,-,-,-,-,-,3,4,-,-,-,-,-,-,元気/体力,-3,-3,レッスン中1回/試験中1回,金札,-,-
64,演出計画,メンタル,センス,-,-,-,-,-,-,-,-,-,-,-,-,3,4,-,-,-,-,元気/体力,-4,-4,以降、アクティブスキルカード使用時、固定元気+2/レッスン中1回/試験中1回/重複不可,金札,17,-
65,願いの力,メンタル,センス,-,-,-,-,-,-,-,-,集中+2 以降、アクティブスキルカード使用時、集中+1,集中+3 以降、アクティブスキルカード使用時、集中+2,-,-,-,-,-,-,-,-,元気/体力,-4,-4,レッスン中1回/試験中1回/重複不可,金札,18,-
66,静かな意志,メンタル,センス,-,-,-,-,-,-,-,-,3,4,2,3,-,-,-,-,-,-,元気/体力,-4,-4,レッスン中1回/試験中1回/レッスン開始時、手札に入る,金札,20,-
67,始まりの合図,メンタル,センス,-,-,-,-,-,-,-,-,-,-,5,7,-,-,-,-,-,-,元気/体力,-3,-3,レッスン中1回/試験中1回,金札,28,-
68,意地,メンタル,センス,-,-,3,5,-,-,-,-,4,5,-,-,-,-,-,-,-,-,元気/体力,-2,-2,レッスン中1回/試験中1回,金札,29,-
69,存在感,メンタル,センス,-,-,-,-,-,-,-,-,4,5,-,-,-,-,-,-,-,-,好調,-2,-1,スキルカード使用数追加+1/重複不可,金札,31,-
70,成功への道筋,メンタル,センス,-,-,2,4,-,-,-,-,7,9,-,-,-,-,-,-,-,-,好調,-2,-2,レッスン中1回/試験中1回,金札,36,-
81,一番は譲らない,アクティブ,センス,18,25,-,-,-,-,-,-,-,-,3,4,-,-,-,-,-,-,元気/体力,-6,-6,レッスン中1回/試験中1回/重複不可,金札,-,SR [わたしが一番！] 花海咲季 
82,ローン・ウルフ,アクティブ,センス,パラメータ+12 集中が3以上の場合、パラメータ+12,パラメータ+12 集中が3以上の場合、パラメータ+12,-,-,-,-,-,-,-,-,-,-,-,-,-,-,-,-,元気/体力,-5,-2,レッスン中1回/試験中1回/重複不可,金札,-,SR [一匹狼] 月村手毬 
83,らしさ,アクティブ,センス,4,6,-,-,-,-,-,-,好調状態の場合、集中+3,好調状態の場合、集中+4,-,-,-,-,-,-,-,-,元気/体力,0,0,レッスン中1回/試験中1回/重複不可,金札,-,SR [はじまりはカッコよく] 有村麻央 
84,寄り添う気持ち,メンタル,センス,-,-,10,12,-,-,-,-,4,5,-,-,-,-,-,-,-,-,元気/体力,-6,-6,レッスン中1回/試験中1回/重複不可,金札,-,SR [『私らしさ』のはじまり] 姫崎莉波 
85,勇気の一歩,アクティブ,センス,パラメータ+17 (集中効果を2倍適用),パラメータ+24(集中効果を2.5倍適用),-,-,-,-,-,-,-,-,-,-,-,-,-,-,-,-,元気/体力,-3,-3,レッスン中1回/試験中1回/重複不可,金札,-,SR [夢へのリスタート] 紫雲清夏 
96,キメ顔で自撮り,メンタル,センス,-,-,-,-,-,-,-,-,2,4,3,4,-,-,-,-,-,-,元気/体力,-4,-4,体力が50%以上の場合、次のターン、スキルカードを引く/レッスン中1回/試験中1回/重複不可,金札,-,SR [パシャっとキメポ] 
13,軽い足取り,アクティブ,センス,6,9,-,-,-,-,-,-,-,-,2,3,-,-,-,-,-,-,元気/体力,-4,-4,-,青札,-,-
14,愛嬌,アクティブ,センス,13,21,-,-,-,-,-,-,-,-,-,-,-,-,-,-,-,-,元気/体力,-4,-4,-,青札,-,-
15,準備運動,アクティブ,センス,6,9,-,-,-,-,-,-,2,3,-,-,-,-,-,-,-,-,元気/体力,-4,-4,-,青札,-,-
16,ファンサ,アクティブ,センス,10,16,-,-,-,-,-,-,-,-,-,-,-,-,-,-,-,-,元気/体力,-2,-2,-,青札,2,-
17,勢い任せ,アクティブ,センス,6,9,-,-,-,-,-,-,好調状態の場合、集中+3,好調状態の場合、集中+4,-,-,-,-,-,-,-,-,元気/体力,-4,-4,-,青札,9,-
18,ハイタッチ,アクティブ,センス,パラメータ+17 (集中効果を1.5倍適用),パラメータ+23 (集中効果を2倍適用),-,-,-,-,-,-,-,-,-,-,-,-,-,-,-,-,元気/体力,-4,-4,レッスン中1回/試験中1回,青札,13,-
19,トークタイム,アクティブ,センス,27,38,-,-,-,-,-,-,-,-,-,-,-,-,-,-,-,-,元気/体力,-6,-6,好調状態の場合、使用可/レッスン中1回/試験中1回,青札,14,-
27,バランス感覚,メンタル,センス,-,-,-,1,-,-,-,-,3,4,-,-,-,-,-,-,-,-,元気/体力,-2,-2,-,青札,-,-
28,楽観的,メンタル,センス,-,-,-,-,-,-,-,-,好調状態の場合、集中+1,好調状態の場合、集中+1,3,4,-,-,-,-,-,-,元気/体力,-2,-2,-,青札,4,-
29,深呼吸,メンタル,センス,-,-,-,-,-,-,-,-,2,3,集中が3以上の場合、好調3ターン,集中が3以上の場合、好調3ターン,-,-,-,-,-,-,元気/体力,-3,-3,-,青札,19,-
36,新進気鋭,アクティブ,センス,17,25,-,-,-,-,-,-,-,-,-,-,-,-,-,-,-,-,元気/体力,-5,-5,レッスン中1回/試験中1回/重複不可,青札,-,R [学園生活] 花海咲季 
37,意地っ張り,アクティブ,センス,7,7,-,-,-,-,-,-,3,5,-,-,-,-,-,-,-,-,元気/体力,-6,-6,レッスン中1回/試験中1回/重複不可,青札,-,R [学園生活] 月村手毬 
38,リトル・プリンス,アクティブ,センス,パラメータ+8 好調状態の場合、パラメータ+3,パラメータ+13 好調状態の場合、パラメータ+5,-,-,-,-,-,-,-,-,-,-,-,-,-,-,-,-,元気/体力,-3,-3,レッスン中1回/試験中1回/重複不可,青札,-,R [学園生活] 有村麻央 
39,包容力,アクティブ,センス,2,3,1,4,-,-,-,-,-,-,-,-,-,-,-,-,2,2,元気/体力,0,0,レッスン中1回/試験中1回/重複不可,青札,-,R [学園生活] 姫崎莉波 
40,フレンドリー,アクティブ,センス,パラメータ+10 集中が6以上の場合、パラメータ+10,パラメータ+12(2回),-,-,-,-,-,-,-,-,-,-,-,-,-,-,-,-,元気/体力,-6,-6,レッスン中1回/試験中1回/重複不可,青札,-,R [学園生活] 紫雲清夏 
98,コール＆レスポンス,アクティブ,センス,パラメータ+15 集中が3以上の場合、パラメータ+15,パラメータ+15 集中が3以上の場合、パラメータ+16(集中効果を1.5倍適用),-,-,-,-,-,-,-,-,-,-,-,-,-,-,-,-,元気/体力,-6,-6,レッスン中1回/試験中1回/重複不可,虹札,11,-
99,バズワード,アクティブ,センス,38,54,-,-,-,-,-,-,-,-,-,-,-,-,-,-,-,-,元気/体力,-7,-7,好調状態の場合、使用可/重複不可,虹札,12,-
100,成就,アクティブ,センス,次のターン、パラメータ+32,次のターン、パラメータ+40,-,-,-,-,-,-,-,-,4,7,-,-,-,-,-,-,元気/体力,-10,-10,レッスン中1回/試験中1回/重複不可,虹札,41,-
101,魅惑のパフォーマンス,アクティブ,センス,次のターン、パラメータ+38,次のターン、パラメータ+47,-,-,-,-,-,-,-,-,-,-,2,3,-,-,-,-,元気/体力,-8,-8,レッスン中1回/試験中1回/重複不可,虹札,43,-
109,国民的アイドル,メンタル,センス,-,-,-,8,-,-,-,-,-,-,-,-,-,-,-,-,-,-,好調,-1,-1,次に使用するカードの効果をもう一回発動(一回)/レッスン中1回/試験中1回/重複不可,虹札,25,-
110,魅惑の視線,メンタル,センス,-,-,-,-,-,-,-,-,-,-,-,-,4,5,2,5,-,-,集中,-3,-3,スキルカード使用数追加+1/レッスン中1回/試験中1回/重複不可,虹札,30,-
111,鳴り止まない拍手,メンタル,センス,-,-,-,-,-,-,-,-,4,5,2,3,-,-,2,3,-,-,元気/体力,-5,-5,レッスン中1回/試験中1回/重複不可,虹札,38,-
112,天真爛漫,メンタル,センス,-,-,-,-,-,-,-,-,集中+1 以降、ターン終了時、集中が3以上の場合、集中+2,集中+1 以降、ターン終了時、集中が3以上の場合、集中+2,-,-,-,-,-,-,-,-,元気/体力,-6,-5,レッスン中1回/試験中1回/重複不可,虹札,45,-
119,絶対に負けない,アクティブ,センス,34,48,-,-,-,-,-,-,-,-,-,-,-,-,-,-,-,-,元気/体力,-6,-6,レッスン中1回/試験中1回/重複不可,虹札,-,SSR [Fighting My Way] 花海咲季 
120,それぞれの道,アクティブ,センス,14,15,-,-,-,-,-,-,5,5,-,-,-,-,-,-,-,-,元気/体力,-7,-4,レッスン中1回/試験中1回/重複不可,虹札,-,SSR [Luna say maybe] 月村手毬 
121,盛装の華形,アクティブ,センス,パラメータ+12 好調状態の場合、パラメータ+14,パラメータ+18 好調状態の場合、パラメータ+20,-,-,-,-,-,-,-,-,-,-,-,-,-,-,-,-,元気/体力,-5,-5,レッスン中1回/試験中1回/重複不可,虹札,-,SSR [Fluorite] 有村麻央 
122,距離感,メンタル,センス,-,-,-,-,-,-,-,-,4,5,-,-,-,-,-,-,4,5,元気/体力,-4,-3,レッスン中1回/試験中1回/重複不可,虹札,-,SSR [clumsy trick] 姫崎莉波 
123,ワンモアステップ,アクティブ,センス,パラメータ+7(2回) 集中が6以上の場合、パラメータ+7,パラメータ+9(2回) 集中が6以上の場合、パラメータ+9,-,-,-,-,-,-,-,-,-,-,-,-,-,-,-,-,元気/体力,-4,-3,レッスン中1回/試験中1回/重複不可,虹札,-,SSR [Tame-Lie-One-Step] 紫雲清夏 
138,喧嘩するほど仲がいい,メンタル,センス,-,-,-,-,-,-,-,-,3,4,2,4,-,-,-,-,-,-,元気/体力,-6,-6,次のターン、手札をすべてレッスン強化/レッスン中1回/試験中1回/重複不可,虹札,-,SSR [こいつらめんどくせー] 
140,アドレナリン全開,メンタル,センス,-,-,-,-,-,-,-,-,-,-,3,4,4,5,-,-,-,-,元気/体力,-4,-4,レッスン中1回/試験中1回/重複不可,虹札,-,SSR【Yellow Big Bang！】
3,挑戦,アクティブ,センス,25,37,-,-,-,-,-,-,-,-,-,-,-,-,-,-,-,-,元気/体力,-7,-7,好調状態の場合、使用可/レッスン中1回/試験中1回,白札,-,-
4,試行錯誤,アクティブ,センス,パラメータ+8(2回),パラメータ+10(2回),-,-,-,-,-,-,-,-,-,-,-,-,-,-,-,-,元気/体力,-7,-5,レッスン中1回/試験中1回,白札,-,-
8,振る舞いの基本,メンタル,センス,-,-,1,1,-,-,-,-,-,-,2,3,-,-,-,-,-,-,元気/体力,-1,-1,-,白札,-,-
9,表情の基本,メンタル,センス,-,-,1,1,-,-,-,-,2,3,-,-,-,-,-,-,-,-,元気/体力,-1,-1,-,白札,-,-
55,ラブリーウインク,アクティブ,ロジック,好印象の60%パラメータ上昇,好印象の80%パラメータ上昇,-,-,-,-,4,5,-,-,-,-,-,-,-,-,-,-,元気/体力,-5,-5,-,金札,-,-
56,ありがとうの言葉,アクティブ,ロジック,元気の70%分パラメータ上昇,元気の40%分パラメータ上昇,9,11,-,-,-,-,-,-,-,-,-,-,-,-,-,-,体力,-3,-3,レッスン中1回/試験中1回,金札,-,-
57,ハートの合図,アクティブ,ロジック,元気を半分にして、減少前の元気の130%分パラメータ上昇,元気を半分にして、減少前の元気の180%分パラメータ上昇,-,-,-,-,-,-,-,-,-,-,-,-,-,-,-,-,体力,-3,-3,レッスン中1回/試験中1回,金札,6,-
58,キラメキ,アクティブ,ロジック,好印象の200%分パラメータ上昇,好印象の250%分パラメータ上昇,5,5,-,-,-,-,-,-,-,-,-,-,-,-,-,-,元気/体力,-3,-3,消費体力増加2ターン/レッスン中1回/試験中1回/重複不可,金札,24,-
59,みんな大好き,アクティブ,ロジック,好印象の90%分パラメータ上昇,好印象の120%分パラメータ上昇,-,-,-,-,-,-,-,-,-,-,-,-,-,-,-,-,やる気,-3,-2,重複不可,金札,34,-
71,あふれる思い出,メンタル,ロジック,-,-,2,4,4,5,-,-,-,-,-,-,-,-,-,-,-,-,元気/体力,-3,-3,-,金札,-,-
72,ふれあい,メンタル,ロジック,-,-,3,6,-,-,4,5,-,-,-,-,-,-,-,-,-,-,元気/体力,-5,-5,-,金札,-,-
73,幸せな時間,メンタル,ロジック,-,-,-,-,-,-,6,8,-,-,-,-,-,-,-,-,-,-,元気/体力,-5,-5,-,金札,7,-
74,ファンシーチャーム,メンタル,ロジック,-,-,-,-,-,-,好印象+3 以降、メンタルスキルカード使用時、好印象+2,好印象+5 以降、メンタルスキルカード使用時、好印象+3,-,-,-,-,-,-,-,-,-,-,元気/体力,-4,-4,レッスン中1回/試験中1回/重複不可,金札,17,-
75,ワクワクが止まらない,メンタル,ロジック,-,-,-,-,やる気+3 以降、メンタルスキルカード使用時、やる気+1,やる気+5 以降、メンタルスキルカード使用時、やる気+2,-,-,-,-,-,-,-,-,-,-,-,-,元気/体力,-3,-3,レッスン中1回/試験中1回/重複不可,金札,18,-
76,本番前夜,メンタル,ロジック,-,-,-,-,3,4,4,5,-,-,-,-,-,-,-,-,-,-,元気/体力,-5,-5,レッスン中1回/試験中1回/レッスン開始時、手札に入る,金札,20,-
77,ひなたぼっこ,メンタル,ロジック,-,-,11,11,5,7,-,-,-,-,-,-,-,-,-,-,-,-,元気/体力,0,0,消費体力増加2ターン/レッスン中1回/試験中1回/重複不可,金札,22,-
78,イメトレ,メンタル,ロジック,-,-,7,11,4,5,-,-,-,-,-,-,-,-,-,-,-,-,元気/体力,-4,-4,レッスン中1回/試験中1回,金札,28,-
79,やる気は満点,メンタル,ロジック,-,-,1,2,-,-,4,5,-,-,-,-,-,-,-,-,-,-,元気/体力,-1,-1,レッスン中1回/試験中1回,金札,29,-
80,ゆめみごこち,メンタル,ロジック,-,-,-,-,4,5,-,-,-,-,-,-,-,-,-,-,-,-,好印象,-2,-1,スキルカード使用数追加+1/重複不可,金札,32,-
86,Colorful Cute!,メンタル,ロジック,-,-,-,-,-,-,6,8,-,-,-,-,-,-,-,-,-,-,元気/体力,-4,-4,レッスン中1回/試験中1回/重複不可,金札,-,SR [カワイイ♡はじめました] 藤田ことね 
87,苦しいのが好き,アクティブ,ロジック,やる気の250%パラメータ上昇,やる気の350%パラメータ上昇,6,7,-,-,-,-,-,-,-,-,-,-,-,-,-,-,元気/体力,-4,-4,レッスン中1回/試験中1回/重複不可,金札,-,SR [一番向いてないこと] 篠澤広 
88,純白の妖精,アクティブ,ロジック,好印象の120%パラメータ上昇,好印象の160%パラメータ上昇,-,-,-,-,2,2,-,-,-,-,-,-,-,-,-,-,元気/体力,-3,-3,レッスン中1回/試験中1回/重複不可,金札,-,SR [一つ踏み出した先に] 葛城リーリヤ 
89,いっしょけんめい,メンタル,ロジック,-,-,1,4,5,6,-,-,-,-,-,-,-,-,-,-,-,-,元気/体力,-2,-2,レッスン中1回/試験中1回/重複不可,金札,-,SR [胸を張って一歩ずつ] 倉本千奈 
90,打倒お姉ちゃん,アクティブ,ロジック,元気の100%パラメータ上昇,元気の140%パラメータ上昇,3,3,-,-,-,-,-,-,-,-,-,-,-,-,-,-,体力,-4,-4,レッスン中1回/試験中1回/重複不可,金札,-,SR [アイドル、はじめっ！] 花海佑芽 
97,なに聴いてるの？,アクティブ,ロジック,-,-,2,2,-,-,-,-,-,-,-,-,-,-,-,-,3,5,元気/体力,0,0,レッスン中1回/試験中1回/重複不可,金札,-,SR [イヤホンはんぶんこ] 
20,今日もおはよう,アクティブ,ロジック,7,9,-,-,-,-,3,4,-,-,-,-,-,-,-,-,-,-,元気/体力,-4,-4,-,青札,-,-
21,ゆるふわおしゃべり,アクティブ,ロジック,元気の60%パラメータ上昇,元気の80%パラメータ上昇,-,-,3,4,-,-,-,-,-,-,-,-,-,-,-,-,体力,-4,-4,レッスン中1回/試験中1回,青札,-,-
22,もう少しだけ,アクティブ,ロジック,10,15,-,-,3,4,-,-,-,-,-,-,-,-,-,-,-,-,元気/体力,-5,-5,-,青札,-,-
23,手拍子,アクティブ,ロジック,好印象の150%パラメータ上昇,好印象の200%パラメータ上昇,-,-,-,-,-,-,-,-,-,-,-,-,-,-,-,-,元気/体力,-5,-5,レッスン中1回/試験中1回,青札,13,-
24,元気な挨拶,アクティブ,ロジック,元気の120%パラメータ上昇,元気の110%パラメータ上昇,-,-,-,-,-,-,-,-,-,-,-,-,-,-,-,-,体力,-4,-3,レッスン中1回/試験中1回,青札,14,-
30,リスタート,メンタル,ロジック,-,-,2,2,-,-,3,4,-,-,-,-,-,-,-,-,-,-,元気/体力,-4,-4,-,青札,-,-
31,えいえいおー,メンタル,ロジック,-,-,1,2,3,4,-,-,-,-,-,-,-,-,-,-,-,-,元気/体力,-2,-2,-,青札,-,-
32,リズミカル,メンタル,ロジック,-,-,6,8,-,-,-,-,-,-,-,-,-,-,-,-,-,-,元気/体力,0,0,レッスン中1回/試験中1回,青札,2,-
33,思い出し笑い,メンタル,ロジック,-,-,-,-,-,-,好印象+3 好印象が3以上の場合、やる気+2,好印象+4 好印象が3以上の場合、やる気+3,-,-,-,-,-,-,-,-,-,-,元気/体力,-2,-2,-,青札,4,-
34,パステル気分,メンタル,ロジック,-,-,元気+5 やる気が3以上の場合、好印象+3,元気+5 やる気が3以上の場合、好印象+4,-,-,-,-,-,-,-,-,-,-,-,-,-,-,元気/体力,-3,-3,-,青札,9,-
35,励まし,メンタル,ロジック,-,-,-,-,やる気+3 やる気が6以上の場合、好印象+4,やる気+4 やる気が6以上の場合、好印象+5,-,-,-,-,-,-,-,-,-,-,-,-,元気/体力,-4,-4,-,青札,19,-
41,アルバイター,アクティブ,ロジック,2,6,-,-,-,-,5,6,-,-,-,-,-,-,-,-,-,-,元気/体力,-6,-6,レッスン中1回/試験中1回/重複不可,青札,-,R [学園生活] 藤田ことね 
42,超高学歴アイドル,メンタル,ロジック,-,-,元気+2 やる気が6以上の場合、元気+3,元気+4 やる気が6以上の場合、元気+5,-,-,-,-,-,-,-,-,-,-,-,-,-,-,元気/体力,0,0,レッスン中1回/試験中1回/重複不可,青札,-,R [学園生活] 篠澤広 
43,内気系少女,メンタル,ロジック,-,-,-,-,-,-,好印象+1 以降、ターン終了時、好印象+1,好印象+2 以降、ターン終了時、好印象+2,-,-,-,-,-,-,-,-,-,-,元気/体力,-3,-2,レッスン中1回/試験中1回/重複不可,青札,-,R [学園生活] 葛城リーリヤ 
44,元気いっぱい,アクティブ,ロジック,元気の50%分パラメータ上昇,元気の70%分パラメータ上昇,2,2,2,3,-,-,-,-,-,-,-,-,-,-,-,-,体力,-4,-4,レッスン中1回/試験中1回/重複不可,青札,-,R [学園生活] 倉本千奈 
45,未完の大器,メンタル,ロジック,-,-,元気+2(レッスン中に使用したスキルカード1枚ごとに、元気増加量+3),元気+2(レッスン中に使用したスキルカード1枚ごとに、元気増加量+4),-,-,-,-,-,-,-,-,-,-,-,-,-,-,体力,-3,-3,-,青札,-,R [学園生活] 花見佑芽 
102,200%スマイル,アクティブ,ロジック,好印象の100%分パラメータ上昇,好印象の170%分パラメータ上昇,-,-,-,-,5,6,-,-,-,-,-,-,-,-,-,-,元気/体力,-6,-6,レッスン中1回/試験中1回/重複不可,虹札,11,-
103,開花,アクティブ,ロジック,やる気の200%分パラメータ上昇,やる気の300%分パラメータ上昇,-,-,6,8,-,-,-,-,-,-,-,-,-,-,-,-,元気/体力,-5,-5,レッスン中1回/試験中1回/重複不可,虹札,12,-
104,届いて！,アクティブ,ロジック,元気を0にして、減少前の元気の160%分パラメータ上昇,元気を0にして、減少前の元気の220%分パラメータ上昇,-,-,-,-,-,-,-,-,-,-,-,-,-,-,-,-,体力,-2,-2,レッスン中1回/試験中1回/重複不可,虹札,44,-
113,私がスター,メンタル,ロジック,-,-,-,-,-,-,-,-,-,-,-,-,-,-,-,-,-,-,好印象,-2,-1,ターン追加+1/レッスン中1回/試験中1回/重複不可,虹札,25,-
114,星屑センセーション,メンタル,ロジック,-,-,-,-,-,-,5,7,-,-,-,-,-,-,-,-,-,-,やる気,-3,-3,レッスン中1回/試験中1回/重複不可,虹札,30,-
115,ノートの端の決意,メンタル,ロジック,-,-,-,-,3,3,3,5,-,-,-,-,-,-,-,-,-,-,元気/体力,-4,-4,レッスン中1回/試験中1回/重複不可,虹札,37,-
116,手書きのメッセージ,メンタル,ロジック,-,-,元気+9 元気+9,元気+10 元気+10,-,-,-,-,-,-,-,-,-,-,-,-,-,-,好印象,-2,-1,レッスン中1回/試験中1回/重複不可,虹札,39,-
117,トキメキ,メンタル,ロジック,-,-,-,-,5,6,8,10,-,-,-,-,-,-,-,-,-,-,元気/体力,-10,-9,レッスン中1回/試験中1回/重複不可,虹札,42,-
118,虹色ドリーマー,メンタル,ロジック,-,-,-,-,-,-,好印象+1 以降、ターン終了時、好印象が3以上の場合、好印象+3,好印象+4 以降、ターン終了時、好印象が3以上の場合、好印象+4,-,-,-,-,-,-,-,-,-,-,元気/体力,-9,-9,レッスン中1回/試験中1回/重複不可,虹札,45,-
124,よそ見はダメ♪,メンタル,ロジック,-,-,2,4,-,-,7,9,-,-,-,-,-,-,-,-,-,-,元気/体力,-6,-6,レッスン中1回/試験中1回/重複不可,虹札,-,SSR [世界一可愛い私] 藤田ことね 
125,本気の趣味,メンタル,ロジック,-,-,元気+5 やる気が3以上の場合、元気+4,元気+7 やる気が3以上の場合、元気+7,-,-,-,-,-,-,-,-,-,-,-,-,-,-,元気/体力,0,0,レッスン中1回/試験中1回/重複不可,虹札,-,SSR [光景] 篠澤広 
126,もう怖くないから,メンタル,ロジック,-,-,-,-,-,-,好印象+3 以降、ターン終了時、好印象+1,好印象+4 以降、ターン終了時、好印象+2,-,-,-,-,-,-,-,-,-,-,元気/体力,-3,-2,レッスン中1回/試験中1回/重複不可,虹札,-,SSR [白線] 葛城リーリヤ 
127,お嬢様の晴れ舞台,アクティブ,ロジック,元気の100%分パラメータ上昇,元気の120%分パラメータ上昇,2,5,2,3,-,-,-,-,-,-,-,-,-,-,-,-,体力,-4,-4,レッスン中1回/試験中1回/重複不可,虹札,-,SSR [Wonder Scale] 倉本千奈 
128,絡まる思い,メンタル,ロジック,-,-,-,-,-,-,8,10,-,-,-,-,-,-,-,-,-,-,元気/体力,-8,-8,レッスン中1回/試験中1回/重複不可,虹札,-,SSR [アイヴイ] 月村手毬 
129,おっきなおにぎり,メンタル,ロジック,-,-,元気+2(レッスン中に使用したスキルカード1枚ごとに、元気増加量+5),元気+2(レッスン中に使用したスキルカード1枚ごとに、元気増加量+8),-,-,-,-,-,-,-,-,-,-,-,-,-,-,体力,-3,-3,レッスン中1回/試験中1回/重複不可,虹札,-,SSR [The Rolling Riceball] 花海佑芽 
139,ダメダメクッキング,メンタル,ロジック,-,-,-,-,3,4,4,5,-,-,-,-,-,-,-,-,-,-,元気/体力,-7,-6,レッスン/試験中1回 重複不可,虹札,-,SSR [あたしたち、やればできる] 
5,可愛い仕草,アクティブ,ロジック,好印象の100％分パラメータ上昇,好印象の120％分パラメータ上昇,-,-,-,-,2,3,-,-,-,-,-,-,-,-,-,-,元気/体力,-5,-5,レッスン中1回/試験中1回,白札,-,-
6,気分転換,アクティブ,ロジック,元気の100%分パラメータ上昇,元気の110%分パラメータ上昇,-,-,-,-,-,-,-,-,-,-,-,-,-,-,-,-,体力,-5,-3,レッスン中1回/試験中1回,白札,-,-
10,目線の基本,メンタル,ロジック,-,-,1,2,-,-,2,3,-,-,-,-,-,-,-,-,-,-,元気/体力,-2,-2,-,白札,-,-
11,意識の基本,メンタル,ロジック,-,-,1,2,2,3,-,-,-,-,-,-,-,-,-,-,-,-,元気/体力,-2,-2,-,白札,-,-
46,前途洋々,アクティブ,フリー,8,12,7,10,-,-,-,-,-,-,-,-,-,-,-,-,-,-,元気/体力,-4,-4,-,金札,3,-
60,アイドル宣言,メンタル,フリー,-,-,-,-,-,-,-,-,-,-,-,-,-,-,-,1,-,-,体力,-1,0,レッスン中1回/試験中1回/重複不可,金札,23,-
61,ハイテンション,メンタル,フリー,-,-,11,13,-,-,-,-,-,-,-,-,-,-,3,4,-,-,元気/体力,0,0,元気増加無効2ターン/レッスン中1回/試験中1回,金札,23,-
91,お姉ちゃんだもの！,アクティブ,フリー,6,10,6,9,-,-,-,-,-,-,-,-,-,-,-,-,-,-,元気/体力,-3,-3,レッスンCLEARの100%以下(試験の場合、パラメータ1000以下)の場合、使用可/次のターン、スキルカードを引く/レッスン中1回/試験中1回/重複不可,金札,-,SR [体当たりのラブコール] 
92,おアツイ視線,メンタル,フリー,-,-,5,6,-,-,-,-,-,-,-,-,-,-,2,3,-,-,元気/体力,0,0,元気が0の場合、使用可/レッスン中1回/試験中1回/重複不可,金札,-,SR [のらりくらりしっかり] 
93,ご指導ご鞭撻,アクティブ,フリー,4,4,5,5,-,-,-,-,-,-,-,-,-,-,-,-,-,-,元気/体力,-5,-2,体力が50%以上の場合、使用可/次のターン、手札をすべてレッスン中強化/レッスン中1回/試験中1回/重複不可,金札,-,SR [てとりあしとり] 
94,ストレッチ談義,アクティブ,フリー,3,3,-,-,-,-,-,-,-,-,-,-,-,-,2,2,-,-,元気/体力,-3,0,3ターン目以降の場合、使用可/次のターン、手札をすべてレッスン中強化/レッスン中1回/試験中1回/重複不可,金札,-,SR [疑惑の大腿四頭筋] 
95,全力サポート,メンタル,フリー,-,-,-,-,-,-,-,-,-,-,-,-,-,-,-,-,-,-,元気/体力,-2,0,スキルカード使用数追加+1/次のターン、スキルカードを引く/レッスン中1回/試験中1回/重複不可,金札,-,SR [はじめてのお友達] 
25,気合十分！,メンタル,フリー,-,-,2,2,-,-,-,-,-,-,-,-,-,-,2,3,-,-,元気/体力,0,0,-,青札,16,-
26,ファーストステップ,メンタル,フリー,-,-,3,6,-,-,-,-,-,-,-,-,-,-,-,-,-,-,元気/体力,0,0,体力が50%以上の場合、消費体力削減1/レッスン/試験中1回 重複不可,青札,16,-
105,テレビ出演,メンタル,フリー,-,-,3,5,-,-,-,-,-,-,-,-,-,-,4,5,-,-,元気/体力,-1,-1,レッスン中1回/試験中1回/重複不可,虹札,5,-
106,叶えたい夢,メンタル,フリー,-,-,8,9,-,-,-,-,-,-,-,-,-,-,-,-,-,-,体力,-1,-1,レッスン中1回/試験中1回/重複不可,虹札,10,-
107,アイドル魂,メンタル,フリー,-,-,6,6,-,-,-,-,-,-,-,-,-,-,-,-,-,-,元気/体力,-2,-2,レッスン開始時、手札に入る/低下状態無効(1回)/強化後:次のターン、手札をすべてレッスン中強化/レッスン中1回/試験中1回/重複不可,虹札,35,-
108,仕切り直し,メンタル,フリー,-,-,-,-,-,-,-,-,-,-,-,-,-,-,4,4,-,-,元気/体力,-5,-2,手札をすべて入れ替える/スキルカード使用数追加+1/レッスン中1回/試験中1回/重複不可,虹札,40,-
130,花萌ゆ季節,メンタル,フリー,-,-,-,-,-,-,-,-,-,-,-,-,-,-,-,-,-,-,元気/体力,-4,-1,ランダムな強化済みスキルカードを、手札に生成/スキルカード使用数追加+1/次のターン、スキルカードを引く/レッスン中1回/試験中1回/重複不可,虹札,-,SSR [次の桜の季節には。] 
131,陽だまりの生徒会室,メンタル,フリー,-,-,-,-,-,-,-,-,-,-,-,-,-,-,-,-,3,5,元気/体力,-3,-1,スキルカード使用数追加+1/レッスン中1回/試験中1回/重複不可,虹札,-,SSR [お疲れ様、千奈ちゃん。] 
132,心のアルバム,アクティブ,フリー,3,6,3,5,-,-,-,-,-,-,-,-,-,-,-,-,-,-,元気/体力,0,0,次のターン、スキルカードを引く/2ターン後、スキルカードを引く/レッスン中1回/試験中1回/重複不可,虹札,-,SSR [おいしい顔、いただき〜！] 
133,ティーパーティ,メンタル,フリー,-,-,-,-,-,-,-,-,-,-,-,-,-,-,-,-,-,-,元気/体力,-3,-1,スキルカード使用数追加+1/手札をすべてレッスン中強化/強化後:スキルカードを引く/レッスン中1回/試験中1回/重複不可,虹札,-,SSR [可愛いと可愛いで可愛い！] 
134,光のステージ,メンタル,フリー,-,-,-,-,-,-,-,-,-,-,-,-,-,-,-,-,-,-,元気/体力,-3,0,消費体力削減1/スキルカード使用数追加+1/レッスン中1回/試験中1回/重複不可,虹札,-,SSR [まじか。] 
135,新生徒会爆誕！,メンタル,フリー,-,-,-,-,-,-,-,-,-,-,-,-,-,-,2,4,-,-,元気/体力,-5,-4,レッスン開始時手札に入る/スキルカード使用数+1/レッスン中1回/試験中1回/重複不可,虹札,-,SSR [仕事のつもりで臨みなさい] 
136,薄れゆく壁,メンタル,フリー,-,-,3,3,-,-,-,-,-,-,-,-,-,-,-,-,-,-,元気/体力,-5,-2,次のターン、手札をすべてレッスン中強化/2ターン後、手札を全てレッスン中強化/レッスン中1回/試験中1回/重複不可,虹札,-,SSR [第2回教室パーティー！] 
137,みずたまりスキップ,メンタル,フリー,-,-,3,8,-,-,-,-,-,-,-,-,-,-,-,-,-,-,体力,-1,-1,スキルカード使用数追加+1/レッスン中1回/試験中1回/重複不可,虹札,-,SSR [まだ上がりませんように！] 
1,アピールの基本,アクティブ,フリー,9,14,-,-,-,-,-,-,-,-,-,-,-,-,-,-,-,-,元気/体力,-4,-4,-,白札,-,-
2,ポーズの基本,アクティブ,フリー,2,6,2,4,-,-,-,-,-,-,-,-,-,-,-,-,-,-,元気/体力,-3,-3,-,白札,-,-
7,表現の基本,メンタル,フリー,-,-,4,7,-,-,-,-,-,-,-,-,-,-,-,-,-,-,元気/体力,0,0,レッスン中1回/試験中1回,白札,-,-
12,眠気,トラブル,フリー,-,-,-,-,-,-,-,-,-,-,-,-,-,-,-,-,-,-,元気/体力,0,0,レッスン中1回/試験中1回,白札,-,-